Date,ETH-USD,BTC-USD
2016-12-03,7.921339988708496,771.155029296875
2016-12-04,7.4436798095703125,773.8720092773438
2016-12-05,6.821660041809082,758.7000122070312
2016-12-06,7.868929862976074,764.2239990234375
2016-12-07,8.38148021697998,768.1320190429688
2016-12-08,8.230509757995605,770.8099975585938
2016-12-09,8.446009635925293,772.7940063476562
2016-12-10,8.125160217285156,774.6500244140625
2016-12-11,8.193619728088379,769.7310180664062
2016-12-12,8.522210121154785,780.0869750976562
2016-12-13,8.422849655151367,780.5560302734375
2016-12-14,8.265230178833008,781.4810180664062
2016-12-15,7.828470230102539,778.0880126953125
2016-12-16,7.85821008682251,784.906982421875
2016-12-17,7.876589775085449,790.8289794921875
2016-12-18,7.865320205688477,790.530029296875
2016-12-19,7.643819808959961,792.7139892578125
2016-12-20,7.660039901733398,800.8759765625
2016-12-21,7.914400100708008,834.281005859375
2016-12-22,7.585000038146973,864.5399780273438
2016-12-23,7.166150093078613,921.9840087890625
2016-12-24,7.265769958496094,898.822021484375
2016-12-25,7.175079822540283,896.1829833984375
2016-12-26,7.274089813232422,907.6099853515625
2016-12-27,7.170820236206055,933.197998046875
2016-12-28,7.520110130310059,975.9210205078125
2016-12-29,8.284159660339355,973.4970092773438
2016-12-30,8.159979820251465,961.2379760742188
2016-12-31,7.969099998474121,963.7429809570312
2017-01-01,8.17257022857666,998.3250122070312
2017-01-02,8.378510475158691,1021.75
2017-01-03,9.725250244140625,1043.8399658203125
2017-01-04,11.25160026550293,1154.72998046875
2017-01-05,10.254400253295898,1013.3800048828125
2017-01-06,10.25469970703125,902.2009887695312
2017-01-07,9.86719036102295,908.5850219726562
2017-01-08,10.289799690246582,911.198974609375
2017-01-09,10.325599670410156,902.8280029296875
2017-01-10,10.549599647521973,907.6790161132812
2017-01-11,9.71776008605957,777.7570190429688
2017-01-12,9.861330032348633,804.833984375
2017-01-13,9.769499778747559,823.9840087890625
2017-01-14,9.646659851074219,818.4119873046875
2017-01-15,9.90425968170166,821.7979736328125
2017-01-16,9.636500358581543,831.5339965820312
2017-01-17,10.302300453186035,907.93798828125
2017-01-18,10.227800369262695,886.6179809570312
2017-01-19,10.397199630737305,899.072998046875
2017-01-20,10.600600242614746,895.0260009765625
2017-01-21,10.909199714660645,921.7890014648438
2017-01-22,10.703200340270996,924.6729736328125
2017-01-23,10.820799827575684,921.0120239257812
2017-01-24,10.632499694824219,892.68701171875
2017-01-25,10.570500373840332,901.5419921875
2017-01-26,10.589099884033203,917.5859985351562
2017-01-27,10.537300109863281,919.75
2017-01-28,10.5649995803833,921.5900268554688
2017-01-29,10.484000205993652,919.4959716796875
2017-01-30,10.571200370788574,920.3820190429688
2017-01-31,10.727499961853027,970.4030151367188
2017-02-01,10.732099533081055,989.0230102539062
2017-02-02,10.821399688720703,1011.7999877929688
2017-02-03,11.114500045776367,1029.9100341796875
2017-02-04,11.433500289916992,1042.9000244140625
2017-02-05,11.352999687194824,1027.3399658203125
2017-02-06,11.389399528503418,1038.1500244140625
2017-02-07,11.515299797058105,1061.3499755859375
2017-02-08,11.43120002746582,1063.0699462890625
2017-02-09,11.03219985961914,994.3829956054688
2017-02-10,11.278900146484375,988.6740112304688
2017-02-11,11.349499702453613,1004.4500122070312
2017-02-12,11.399200439453125,999.1810302734375
2017-02-13,11.269499778747559,990.6420288085938
2017-02-14,13.025199890136719,1004.5499877929688
2017-02-15,12.919699668884277,1007.47998046875
2017-02-16,12.90369987487793,1027.43994140625
2017-02-17,12.67650032043457,1046.2099609375
2017-02-18,12.810199737548828,1054.4200439453125
2017-02-19,12.758500099182129,1047.8699951171875
2017-02-20,12.430100440979004,1079.97998046875
2017-02-21,12.668399810791016,1115.300048828125
2017-02-22,12.599699974060059,1117.43994140625
2017-02-23,13.119400024414062,1166.719970703125
2017-02-24,13.069199562072754,1173.6800537109375
2017-02-25,13.548700332641602,1143.8399658203125
2017-02-26,14.520000457763672,1165.199951171875
2017-02-27,15.396499633789062,1179.969970703125
2017-02-28,15.81719970703125,1179.969970703125
2017-03-01,17.349700927734375,1222.5
2017-03-02,19.03019905090332,1251.010009765625
2017-03-03,19.458999633789062,1274.989990234375
2017-03-04,18.618900299072266,1255.1500244140625
2017-03-05,19.30229949951172,1267.1199951171875
2017-03-06,19.60569953918457,1272.8299560546875
2017-03-07,18.888599395751953,1223.5400390625
2017-03-08,16.65130043029785,1150.0
2017-03-09,17.75469970703125,1188.489990234375
2017-03-10,19.332300186157227,1116.719970703125
2017-03-11,21.47249984741211,1175.8299560546875
2017-03-12,23.437700271606445,1221.3800048828125
2017-03-13,28.592899322509766,1231.9200439453125
2017-03-14,28.654600143432617,1240.0
2017-03-15,35.05590057373047,1249.6099853515625
2017-03-16,46.34579849243164,1187.81005859375
2017-03-17,46.827999114990234,1100.22998046875
2017-03-18,34.16019821166992,973.8179931640625
2017-03-19,44.7401008605957,1036.739990234375
2017-03-20,43.390201568603516,1054.22998046875
2017-03-21,43.14509963989258,1120.5400390625
2017-03-22,42.342098236083984,1049.1400146484375
2017-03-23,43.67839813232422,1038.5899658203125
2017-03-24,53.10749816894531,937.52001953125
2017-03-25,51.25,972.7789916992188
2017-03-26,50.52159881591797,966.7249755859375
2017-03-27,49.666900634765625,1045.77001953125
2017-03-28,50.774898529052734,1047.1500244140625
2017-03-29,53.1260986328125,1039.969970703125
2017-03-30,52.2057991027832,1026.4300537109375
2017-03-31,50.03730010986328,1071.7900390625
2017-04-01,50.699501037597656,1080.5
2017-04-02,48.74869918823242,1102.1700439453125
2017-04-03,44.35639953613281,1143.81005859375
2017-04-04,44.64189910888672,1133.25
2017-04-05,45.30400085449219,1124.780029296875
2017-04-06,43.24209976196289,1182.6800537109375
2017-04-07,42.162601470947266,1176.9000244140625
2017-04-08,44.307098388671875,1175.949951171875
2017-04-09,43.266998291015625,1187.8699951171875
2017-04-10,43.43519973754883,1187.1300048828125
2017-04-11,43.40719985961914,1205.010009765625
2017-04-12,46.28730010986328,1200.3699951171875
2017-04-13,50.219398498535156,1169.280029296875
2017-04-14,47.574100494384766,1167.5400390625
2017-04-15,49.10150146484375,1172.52001953125
2017-04-16,48.71849822998047,1182.93994140625
2017-04-17,48.30459976196289,1193.9100341796875
2017-04-18,50.70750045776367,1211.6700439453125
2017-04-19,48.305301666259766,1210.2900390625
2017-04-20,49.67219924926758,1229.0799560546875
2017-04-21,48.22439956665039,1222.050048828125
2017-04-22,48.553001403808594,1231.7099609375
2017-04-23,48.48929977416992,1207.2099609375
2017-04-24,50.03150177001953,1250.1500244140625
2017-04-25,49.89120101928711,1265.489990234375
2017-04-26,52.720298767089844,1281.0799560546875
2017-04-27,62.167701721191406,1317.72998046875
2017-04-28,70.1592025756836,1316.47998046875
2017-04-29,68.37689971923828,1321.7900390625
2017-04-30,79.02120208740234,1347.8900146484375
2017-05-01,76.2969970703125,1421.5999755859375
2017-05-02,77.26380157470703,1452.8199462890625
2017-05-03,79.71820068359375,1490.0899658203125
2017-05-04,96.98139953613281,1537.6700439453125
2017-05-05,94.39849853515625,1555.449951171875
2017-05-06,97.8134994506836,1578.800048828125
2017-05-07,94.0073013305664,1596.7099609375
2017-05-08,91.42040252685547,1723.3499755859375
2017-05-09,91.16290283203125,1755.3599853515625
2017-05-10,89.52490234375,1787.1300048828125
2017-05-11,89.87969970703125,1848.5699462890625
2017-05-12,88.65540313720703,1724.239990234375
2017-05-13,90.83540344238281,1804.9100341796875
2017-05-14,90.7864990234375,1808.9100341796875
2017-05-15,92.41490173339844,1738.4300537109375
2017-05-16,89.43800354003906,1734.449951171875
2017-05-17,89.86039733886719,1839.0899658203125
2017-05-18,96.90630340576172,1888.6500244140625
2017-05-19,129.52699279785156,1987.7099609375
2017-05-20,126.52100372314453,2084.72998046875
2017-05-21,157.93699645996094,2041.199951171875
2017-05-22,174.26100158691406,2173.39990234375
2017-05-23,181.95199584960938,2320.419921875
2017-05-24,190.04600524902344,2443.639892578125
2017-05-25,174.4459991455078,2304.97998046875
2017-05-26,160.4029998779297,2202.419921875
2017-05-27,157.75799560546875,2038.8699951171875
2017-05-28,170.51100158691406,2155.800048828125
2017-05-29,194.90899658203125,2255.610107421875
2017-05-30,231.91099548339844,2175.469970703125
2017-05-31,230.66900634765625,2286.409912109375
2017-06-01,222.23899841308594,2407.8798828125
2017-06-02,223.77499389648438,2488.550048828125
2017-06-03,224.37600708007812,2515.35009765625
2017-06-04,245.33200073242188,2511.81005859375
2017-06-05,248.46400451660156,2686.81005859375
2017-06-06,264.46600341796875,2863.199951171875
2017-06-07,258.0710144042969,2732.159912109375
2017-06-08,261.6659851074219,2805.6201171875
2017-06-09,281.73699951171875,2823.81005859375
2017-06-10,337.6679992675781,2947.7099609375
2017-06-11,340.6090087890625,2958.110107421875
2017-06-12,401.489990234375,2659.6298828125
2017-06-13,397.5369873046875,2717.02001953125
2017-06-14,359.0530090332031,2506.3701171875
2017-06-15,361.9330139160156,2464.580078125
2017-06-16,370.22698974609375,2518.56005859375
2017-06-17,379.41400146484375,2655.8798828125
2017-06-18,371.4580078125,2548.2900390625
2017-06-19,370.0559997558594,2589.60009765625
2017-06-20,359.0050048828125,2721.7900390625
2017-06-21,336.87200927734375,2689.10009765625
2017-06-22,336.3710021972656,2705.409912109375
2017-06-23,341.739013671875,2744.909912109375
2017-06-24,323.6960144042969,2608.719970703125
2017-06-25,303.24798583984375,2589.409912109375
2017-06-26,272.6919860839844,2478.449951171875
2017-06-27,293.0880126953125,2552.449951171875
2017-06-28,327.927001953125,2574.7900390625
2017-06-29,302.88299560546875,2539.320068359375
2017-06-30,294.9159851074219,2480.840087890625
2017-07-01,274.60101318359375,2434.550048828125
2017-07-02,287.98699951171875,2506.469970703125
2017-07-03,282.89801025390625,2564.06005859375
2017-07-04,273.3030090332031,2601.639892578125
2017-07-05,268.77398681640625,2601.989990234375
2017-07-06,270.54901123046875,2608.56005859375
2017-07-07,245.99099731445312,2518.659912109375
2017-07-08,251.69700622558594,2571.340087890625
2017-07-09,242.13699340820312,2518.43994140625
2017-07-10,215.35699462890625,2372.56005859375
2017-07-11,197.4040069580078,2337.7900390625
2017-07-12,230.7740020751953,2398.840087890625
2017-07-13,209.73300170898438,2357.89990234375
2017-07-14,199.66200256347656,2233.340087890625
2017-07-15,170.65499877929688,1998.8599853515625
2017-07-16,157.36300659179688,1929.8199462890625
2017-07-17,193.4239959716797,2228.409912109375
2017-07-18,234.39100646972656,2318.8798828125
2017-07-19,199.7030029296875,2273.429931640625
2017-07-20,227.26499938964844,2817.60009765625
2017-07-21,218.30499267578125,2667.760009765625
2017-07-22,229.4759979248047,2810.1201171875
2017-07-23,225.9510040283203,2730.39990234375
2017-07-24,224.71099853515625,2754.860107421875
2017-07-25,206.7100067138672,2576.47998046875
2017-07-26,203.9530029296875,2529.449951171875
2017-07-27,204.3179931640625,2671.780029296875
2017-07-28,193.1230010986328,2809.010009765625
2017-07-29,205.78900146484375,2726.449951171875
2017-07-30,197.97799682617188,2757.179931640625
2017-07-31,203.87100219726562,2875.340087890625
2017-08-01,226.7689971923828,2718.260009765625
2017-08-02,219.95199584960938,2710.669921875
2017-08-03,225.3419952392578,2804.72998046875
2017-08-04,223.072998046875,2895.889892578125
2017-08-05,256.5069885253906,3252.909912109375
2017-08-06,261.5669860839844,3213.93994140625
2017-08-07,269.17999267578125,3378.93994140625
2017-08-08,296.7690124511719,3419.93994140625
2017-08-09,296.0270080566406,3342.469970703125
2017-08-10,295.8919982910156,3381.280029296875
2017-08-11,308.864013671875,3650.6201171875
2017-08-12,310.60101318359375,3884.7099609375
2017-08-13,298.0639953613281,4073.260009765625
2017-08-14,300.09698486328125,4325.1298828125
2017-08-15,289.8179931640625,4181.93017578125
2017-08-16,302.2669982910156,4376.6298828125
2017-08-17,301.4570007324219,4331.68994140625
2017-08-18,295.5899963378906,4160.6201171875
2017-08-19,297.4700012207031,4193.7001953125
2017-08-20,301.4280090332031,4087.659912109375
2017-08-21,321.59100341796875,4001.739990234375
2017-08-22,314.7850036621094,4100.52001953125
2017-08-23,317.5190124511719,4151.52001953125
2017-08-24,325.6109924316406,4334.68017578125
2017-08-25,331.9150085449219,4371.60009765625
2017-08-26,333.8819885253906,4352.39990234375
2017-08-27,347.89300537109375,4382.8798828125
2017-08-28,347.74700927734375,4382.66015625
2017-08-29,370.6669921875,4579.02001953125
2017-08-30,378.4849853515625,4565.2998046875
2017-08-31,383.0419921875,4703.39013671875
2017-09-01,387.7409973144531,4892.009765625
2017-09-02,348.9840087890625,4578.77001953125
2017-09-03,347.4840087890625,4582.9599609375
2017-09-04,295.1709899902344,4236.31005859375
2017-09-05,312.9880065917969,4376.52978515625
2017-09-06,334.3380126953125,4597.1201171875
2017-09-07,329.4280090332031,4599.8798828125
2017-09-08,296.49700927734375,4228.75
2017-09-09,294.4049987792969,4226.06005859375
2017-09-10,288.74700927734375,4122.93994140625
2017-09-11,294.5320129394531,4161.27001953125
2017-09-12,291.4639892578125,4130.81005859375
2017-09-13,277.11199951171875,3882.590087890625
2017-09-14,213.9080047607422,3154.949951171875
2017-09-15,250.46400451660156,3637.52001953125
2017-09-16,246.52200317382812,3625.0400390625
2017-09-17,251.74899291992188,3582.8798828125
2017-09-18,293.49700927734375,4065.199951171875
2017-09-19,282.8039855957031,3924.969970703125
2017-09-20,283.74200439453125,3905.949951171875
2017-09-21,258.5799865722656,3631.0400390625
2017-09-22,264.30999755859375,3630.699951171875
2017-09-23,286.1679992675781,3792.39990234375
2017-09-24,282.4830017089844,3682.840087890625
2017-09-25,292.3320007324219,3926.070068359375
2017-09-26,287.43798828125,3892.35009765625
2017-09-27,306.4670104980469,4200.669921875
2017-09-28,299.1549987792969,4174.72998046875
2017-09-29,291.4670104980469,4163.06982421875
2017-09-30,301.4649963378906,4338.7099609375
2017-10-01,302.3370056152344,4403.740234375
2017-10-02,297.4750061035156,4409.31982421875
2017-10-03,292.4630126953125,4317.47998046875
2017-10-04,292.6579895019531,4229.35986328125
2017-10-05,295.8630065917969,4328.41015625
2017-10-06,308.5880126953125,4370.81005859375
2017-10-07,311.1239929199219,4426.89013671875
2017-10-08,308.6080017089844,4610.47998046875
2017-10-09,297.3919982910156,4772.02001953125
2017-10-10,299.8699951171875,4781.990234375
2017-10-11,303.45599365234375,4826.47998046875
2017-10-12,304.135986328125,5446.91015625
2017-10-13,338.7569885253906,5647.2099609375
2017-10-14,339.62799072265625,5831.7900390625
2017-10-15,336.5950012207031,5678.18994140625
2017-10-16,333.3840026855469,5725.58984375
2017-10-17,317.0820007324219,5605.509765625
2017-10-18,314.3190002441406,5590.68994140625
2017-10-19,308.0880126953125,5708.52001953125
2017-10-20,304.0060119628906,6011.4501953125
2017-10-21,300.18701171875,6031.60009765625
2017-10-22,295.4460144042969,6008.419921875
2017-10-23,286.95001220703125,5930.31982421875
2017-10-24,298.3280029296875,5526.64013671875
2017-10-25,297.92498779296875,5750.7998046875
2017-10-26,296.5270080566406,5904.830078125
2017-10-27,297.4230041503906,5780.89990234375
2017-10-28,296.2980041503906,5753.08984375
2017-10-29,305.0880126953125,6153.85009765625
2017-10-30,307.7510070800781,6130.52978515625
2017-10-31,305.8789978027344,6468.39990234375
2017-11-01,291.6940002441406,6767.31005859375
2017-11-02,287.4289855957031,7078.5
2017-11-03,305.71099853515625,7207.759765625
2017-11-04,300.468994140625,7379.9501953125
2017-11-05,296.26300048828125,7407.41015625
2017-11-06,298.8919982910156,7022.759765625
2017-11-07,294.65899658203125,7144.3798828125
2017-11-08,309.07000732421875,7459.68994140625
2017-11-09,320.8840026855469,7143.580078125
2017-11-10,299.25299072265625,6618.14013671875
2017-11-11,314.6809997558594,6357.60009765625
2017-11-12,307.9079895019531,5950.06982421875
2017-11-13,316.71600341796875,6559.490234375
2017-11-14,337.6310119628906,6635.75
2017-11-15,333.35699462890625,7315.5400390625
2017-11-16,330.92401123046875,7871.68994140625
2017-11-17,332.3940124511719,7708.990234375
2017-11-18,347.61199951171875,7790.14990234375
2017-11-19,354.385986328125,8036.490234375
2017-11-20,366.7300109863281,8200.6396484375
2017-11-21,360.4010009765625,8071.259765625
2017-11-22,380.6520080566406,8253.5498046875
2017-11-23,410.1659851074219,8038.77001953125
2017-11-24,474.9110107421875,8253.6904296875
2017-11-25,466.2760009765625,8790.919921875
2017-11-26,471.3299865722656,9330.5498046875
2017-11-27,480.3550109863281,9818.349609375
2017-11-28,472.9020080566406,10058.7998046875
2017-11-29,427.52301025390625,9888.6103515625
2017-11-30,447.114013671875,10233.599609375
2017-12-01,466.5400085449219,10975.599609375
2017-12-02,463.4490051269531,11074.599609375
2017-12-03,465.8529968261719,11323.2001953125
2017-12-04,470.2040100097656,11657.2001953125
2017-12-05,463.281005859375,11916.7001953125
2017-12-06,428.5880126953125,14291.5
2017-12-07,434.4079895019531,17899.69921875
2017-12-08,456.031005859375,16569.400390625
2017-12-09,473.50201416015625,15178.2001953125
2017-12-10,441.72100830078125,15455.400390625
2017-12-11,515.135986328125,16936.80078125
2017-12-12,651.4310302734375,17415.400390625
2017-12-13,702.7670288085938,16408.19921875
2017-12-14,695.8159790039062,16564.0
2017-12-15,684.447998046875,17706.900390625
2017-12-16,696.208984375,19497.400390625
2017-12-17,719.9749755859375,19140.80078125
2017-12-18,794.64501953125,19114.19921875
2017-12-19,826.822998046875,17776.69921875
2017-12-20,819.0859985351562,16624.599609375
2017-12-21,821.06298828125,15802.900390625
2017-12-22,674.8599853515625,13831.7998046875
2017-12-23,719.3870239257812,14699.2001953125
2017-12-24,694.1480102539062,13925.7998046875
2017-12-25,765.833984375,14026.599609375
2017-12-26,773.8359985351562,16099.7998046875
2017-12-27,762.8419799804688,15838.5
2017-12-28,737.0230102539062,14606.5
2017-12-29,753.5919799804688,14656.2001953125
2017-12-30,717.2570190429688,12952.2001953125
2017-12-31,756.7329711914062,14156.400390625
2018-01-01,772.6409912109375,13657.2001953125
2018-01-02,884.4439697265625,14982.099609375
2018-01-03,962.719970703125,15201.0
2018-01-04,980.9219970703125,15599.2001953125
2018-01-05,997.719970703125,17429.5
2018-01-06,1041.6800537109375,17527.0
2018-01-07,1153.1700439453125,16477.599609375
2018-01-08,1148.530029296875,15170.099609375
2018-01-09,1299.739990234375,14595.400390625
2018-01-10,1255.8199462890625,14973.2998046875
2018-01-11,1154.9300537109375,13405.7998046875
2018-01-12,1273.199951171875,13980.599609375
2018-01-13,1396.4200439453125,14360.2001953125
2018-01-14,1366.77001953125,13772.0
2018-01-15,1291.9200439453125,13819.7998046875
2018-01-16,1053.68994140625,11490.5
2018-01-17,1014.25,11188.599609375
2018-01-18,1036.280029296875,11474.900390625
2018-01-19,1039.0999755859375,11607.400390625
2018-01-20,1155.1500244140625,12899.2001953125
2018-01-21,1049.5799560546875,11600.099609375
2018-01-22,1003.260009765625,10931.400390625
2018-01-23,986.22900390625,10868.400390625
2018-01-24,1058.780029296875,11359.400390625
2018-01-25,1056.030029296875,11259.400390625
2018-01-26,1055.1700439453125,11171.400390625
2018-01-27,1107.0699462890625,11440.7001953125
2018-01-28,1246.010009765625,11786.2998046875
2018-01-29,1182.3599853515625,11296.400390625
2018-01-30,1071.1300048828125,10106.2998046875
2018-01-31,1118.31005859375,10221.099609375
2018-02-01,1036.7900390625,9170.5400390625
2018-02-02,915.7849731445312,8830.75
2018-02-03,964.0189819335938,9174.91015625
2018-02-04,834.6820068359375,8277.009765625
2018-02-05,697.9509887695312,6955.27001953125
2018-02-06,793.1220092773438,7754.0
2018-02-07,757.0679931640625,7621.2998046875
2018-02-08,817.8070068359375,8265.58984375
2018-02-09,883.864990234375,8736.98046875
2018-02-10,860.4149780273438,8621.900390625
2018-02-11,814.6599731445312,8129.97021484375
2018-02-12,868.7069702148438,8926.5703125
2018-02-13,845.2579956054688,8598.3095703125
2018-02-14,923.5609741210938,9494.6298828125
2018-02-15,936.9760131835938,10166.400390625
2018-02-16,944.2100219726562,10233.900390625
2018-02-17,974.114990234375,11112.7001953125
2018-02-18,923.9210205078125,10551.7998046875
2018-02-19,943.864990234375,11225.2998046875
2018-02-20,895.3709716796875,11403.7001953125
2018-02-21,849.9710083007812,10690.400390625
2018-02-22,812.844970703125,10005.0
2018-02-23,864.1890258789062,10301.099609375
2018-02-24,840.5150146484375,9813.0703125
2018-02-25,844.8099975585938,9664.73046875
2018-02-26,869.3150024414062,10366.7001953125
2018-02-27,878.2650146484375,10725.599609375
2018-02-28,855.198974609375,10397.900390625
2018-03-01,872.2000122070312,10951.0
2018-03-02,856.85302734375,11086.400390625
2018-03-03,857.2249755859375,11489.7001953125
2018-03-04,866.677978515625,11512.599609375
2018-03-05,853.6840209960938,11573.2998046875
2018-03-06,816.9509887695312,10779.900390625
2018-03-07,752.8309936523438,9965.5703125
2018-03-08,704.5960083007812,9395.009765625
2018-03-09,728.916015625,9337.5498046875
2018-03-10,686.8900146484375,8866.0
2018-03-11,723.3389892578125,9578.6298828125
2018-03-12,699.8309936523438,9205.1201171875
2018-03-13,690.8270263671875,9194.849609375
2018-03-14,614.291015625,8269.8095703125
2018-03-15,611.3040161132812,8300.8603515625
2018-03-16,601.666015625,8338.349609375
2018-03-17,552.7789916992188,7916.8798828125
2018-03-18,538.6439819335938,8223.6796875
2018-03-19,556.7260131835938,8630.650390625
2018-03-20,557.1749877929688,8913.4697265625
2018-03-21,561.7319946289062,8929.2802734375
2018-03-22,539.7020263671875,8728.4697265625
2018-03-23,539.6190185546875,8879.6201171875
2018-03-24,526.4390258789062,8668.1201171875
2018-03-25,524.2869873046875,8495.7802734375
2018-03-26,489.95098876953125,8209.400390625
2018-03-27,450.1159973144531,7833.0400390625
2018-03-28,446.27899169921875,7954.47998046875
2018-03-29,385.9679870605469,7165.7001953125
2018-03-30,394.6449890136719,6890.52001953125
2018-03-31,396.4570007324219,6973.52978515625
2018-04-01,379.60699462890625,6844.22998046875
2018-04-02,386.42498779296875,7083.7998046875
2018-04-03,416.89300537109375,7456.10986328125
2018-04-04,380.5429992675781,6853.83984375
2018-04-05,383.23199462890625,6811.47021484375
2018-04-06,370.2850036621094,6636.31982421875
2018-04-07,385.3139953613281,6911.08984375
2018-04-08,400.50799560546875,7023.52001953125
2018-04-09,398.5260009765625,6770.72998046875
2018-04-10,414.2430114746094,6834.759765625
2018-04-11,430.5400085449219,6968.31982421875
2018-04-12,492.9410095214844,7889.25
2018-04-13,492.7349853515625,7895.9599609375
2018-04-14,501.4779968261719,7986.240234375
2018-04-15,531.7020263671875,8329.1103515625
2018-04-16,511.1470031738281,8058.669921875
2018-04-17,502.8940124511719,7902.08984375
2018-04-18,524.7890014648438,8163.419921875
2018-04-19,567.8889770507812,8294.3095703125
2018-04-20,615.718017578125,8845.830078125
2018-04-21,605.39501953125,8895.580078125
2018-04-22,621.8599853515625,8802.4599609375
2018-04-23,642.5479736328125,8930.8798828125
2018-04-24,708.1580200195312,9697.5
2018-04-25,615.416015625,8845.740234375
2018-04-26,662.8090209960938,9281.509765625
2018-04-27,647.031982421875,8987.0498046875
2018-04-28,683.677978515625,9348.48046875
2018-04-29,688.8809814453125,9419.080078125
2018-04-30,669.9240112304688,9240.5498046875
2018-05-01,673.6129760742188,9119.009765625
2018-05-02,687.1489868164062,9235.919921875
2018-05-03,779.5430297851562,9743.8603515625
2018-05-04,785.6240234375,9700.759765625
2018-05-05,816.1199951171875,9858.150390625
2018-05-06,792.3109741210938,9654.7998046875
2018-05-07,753.7249755859375,9373.009765625
2018-05-08,752.8569946289062,9234.8203125
2018-05-09,752.2750244140625,9325.1796875
2018-05-10,727.2769775390625,9043.9404296875
2018-05-11,679.5859985351562,8441.490234375
2018-05-12,686.0479736328125,8504.8896484375
2018-05-13,733.4959716796875,8723.9404296875
2018-05-14,730.5490112304688,8716.7900390625
2018-05-15,708.8709716796875,8510.3798828125
2018-05-16,707.0499877929688,8368.830078125
2018-05-17,672.656982421875,8094.31982421875
2018-05-18,694.3670043945312,8250.9697265625
2018-05-19,696.530029296875,8247.1796875
2018-05-20,715.3690185546875,8513.25
2018-05-21,699.2219848632812,8418.990234375
2018-05-22,647.7410278320312,8041.77978515625
2018-05-23,583.5850219726562,7557.81982421875
2018-05-24,601.7550048828125,7587.33984375
2018-05-25,586.7340087890625,7480.14013671875
2018-05-26,587.280029296875,7355.8798828125
2018-05-27,572.6680297851562,7368.22021484375
2018-05-28,516.0360107421875,7135.990234375
2018-05-29,565.3880004882812,7472.58984375
2018-05-30,559.5900268554688,7406.52001953125
2018-05-31,577.64501953125,7494.169921875
2018-06-01,580.0430297851562,7541.4501953125
2018-06-02,591.8079833984375,7643.4501953125
2018-06-03,618.3289794921875,7720.25
2018-06-04,592.9849853515625,7514.47021484375
2018-06-05,609.302978515625,7633.759765625
2018-06-06,607.1240234375,7653.97998046875
2018-06-07,605.18701171875,7678.240234375
2018-06-08,601.0770263671875,7624.919921875
2018-06-09,597.56201171875,7531.97998046875
2018-06-10,526.47900390625,6786.02001953125
2018-06-11,533.2839965820312,6906.919921875
2018-06-12,496.8429870605469,6582.35986328125
2018-06-13,477.4939880371094,6349.89990234375
2018-06-14,519.7420043945312,6675.35009765625
2018-06-15,491.0039978027344,6456.580078125
2018-06-16,499.6419982910156,6550.16015625
2018-06-17,500.447998046875,6499.27001953125
2018-06-18,518.8909912109375,6734.81982421875
2018-06-19,537.9569702148438,6769.93994140625
2018-06-20,536.2680053710938,6776.5498046875
2018-06-21,527.3670043945312,6729.740234375
2018-06-22,465.8169860839844,6083.68994140625
2018-06-23,474.5199890136719,6162.47998046875
2018-06-24,457.6719970703125,6173.22998046875
2018-06-25,460.30999755859375,6249.18017578125
2018-06-26,432.7720031738281,6093.669921875
2018-06-27,442.364990234375,6157.1298828125
2018-06-28,422.364990234375,5903.43994140625
2018-06-29,436.0090026855469,6218.2998046875
2018-06-30,455.17999267578125,6404.0
2018-07-01,453.9179992675781,6385.81982421875
2018-07-02,475.34698486328125,6614.18017578125
2018-07-03,464.19500732421875,6529.58984375
2018-07-04,467.3179931640625,6597.5498046875
2018-07-05,474.4119873046875,6639.14013671875
2018-07-06,474.0119934082031,6673.5
2018-07-07,491.6600036621094,6856.93017578125
2018-07-08,489.1189880371094,6773.8798828125
2018-07-09,476.6820068359375,6741.75
2018-07-10,434.42401123046875,6329.9501953125
2018-07-11,446.51800537109375,6394.7099609375
2018-07-12,430.0740051269531,6228.81005859375
2018-07-13,434.0270080566406,6238.0498046875
2018-07-14,436.08599853515625,6276.1201171875
2018-07-15,449.8500061035156,6359.64013671875
2018-07-16,480.6579895019531,6741.75
2018-07-17,501.00201416015625,7321.0400390625
2018-07-18,480.51300048828125,7370.77978515625
2018-07-19,469.6189880371094,7466.85986328125
2018-07-20,450.697998046875,7354.1298828125
2018-07-21,462.4360046386719,7419.2900390625
2018-07-22,459.6570129394531,7418.490234375
2018-07-23,450.8529968261719,7711.10986328125
2018-07-24,479.37298583984375,8424.26953125
2018-07-25,472.4930114746094,8181.39013671875
2018-07-26,464.0369873046875,7951.580078125
2018-07-27,469.6659851074219,8165.009765625
2018-07-28,466.89801025390625,8192.150390625
2018-07-29,466.6650085449219,8218.4599609375
2018-07-30,457.08099365234375,8180.47998046875
2018-07-31,433.86700439453125,7780.43994140625
2018-08-01,420.74700927734375,7624.91015625
2018-08-02,412.6210021972656,7567.14990234375
2018-08-03,418.2619934082031,7434.39013671875
2018-08-04,407.25201416015625,7032.85009765625
2018-08-05,410.5159912109375,7068.47998046875
2018-08-06,406.6579895019531,6951.7998046875
2018-08-07,380.2149963378906,6753.1201171875
2018-08-08,356.6130065917969,6305.7998046875
2018-08-09,365.5880126953125,6568.22998046875
2018-08-10,334.1759948730469,6184.7099609375
2018-08-11,322.11199951171875,6295.72998046875
2018-08-12,319.57000732421875,6322.68994140625
2018-08-13,286.4949951171875,6297.56982421875
2018-08-14,278.9320068359375,6199.7099609375
2018-08-15,282.364013671875,6308.52001953125
2018-08-16,288.0459899902344,6334.72998046875
2018-08-17,315.72900390625,6580.6298828125
2018-08-18,295.81201171875,6423.759765625
2018-08-19,300.8340148925781,6506.06982421875
2018-08-20,274.31500244140625,6308.52978515625
2018-08-21,281.9440002441406,6488.759765625
2018-08-22,271.34100341796875,6376.7099609375
2018-08-23,277.10400390625,6534.8798828125
2018-08-24,282.9670104980469,6719.9599609375
2018-08-25,279.64599609375,6763.18994140625
2018-08-26,275.1969909667969,6707.259765625
2018-08-27,285.6029968261719,6884.64013671875
2018-08-28,296.4989929199219,7096.27978515625
2018-08-29,289.31201171875,7047.16015625
2018-08-30,284.1050109863281,6978.22998046875
2018-08-31,283.0039978027344,7037.580078125
2018-09-01,295.34100341796875,7193.25
2018-09-02,294.3710021972656,7272.72021484375
2018-09-03,289.2590026855469,7260.06005859375
2018-09-04,285.7229919433594,7361.66015625
2018-09-05,232.33099365234375,6792.830078125
2018-09-06,230.21499633789062,6529.169921875
2018-09-07,217.2030029296875,6467.06982421875
2018-09-08,197.9510040283203,6225.97998046875
2018-09-09,196.9239959716797,6300.85986328125
2018-09-10,197.07899475097656,6329.7001953125
2018-09-11,185.0659942626953,6321.2001953125
2018-09-12,183.33099365234375,6351.7998046875
2018-09-13,211.35400390625,6517.31005859375
2018-09-14,211.74899291992188,6512.7099609375
2018-09-15,223.07400512695312,6543.2001953125
2018-09-16,220.58900451660156,6517.18017578125
2018-09-17,197.875,6281.2001953125
2018-09-18,209.97500610351562,6371.2998046875
2018-09-19,209.968994140625,6398.5400390625
2018-09-20,224.59100341796875,6519.669921875
2018-09-21,246.58399963378906,6734.9501953125
2018-09-22,240.47999572753906,6721.97998046875
2018-09-23,244.3300018310547,6710.6298828125
2018-09-24,228.72999572753906,6595.41015625
2018-09-25,218.5050048828125,6446.47021484375
2018-09-26,215.8470001220703,6495.0
2018-09-27,228.49400329589844,6676.75
2018-09-28,222.40199279785156,6644.1298828125
2018-09-29,231.63499450683594,6601.9599609375
2018-09-30,232.84800720214844,6625.56005859375
2018-10-01,230.76800537109375,6589.6201171875
2018-10-02,227.18099975585938,6556.10009765625
2018-10-03,220.48899841308594,6502.58984375
2018-10-04,222.21800231933594,6576.68994140625
2018-10-05,227.6009979248047,6622.47998046875
2018-10-06,225.1199951171875,6588.31005859375
2018-10-07,226.11900329589844,6602.9501953125
2018-10-08,229.2550048828125,6652.22998046875
2018-10-09,227.98199462890625,6642.64013671875
2018-10-10,225.7689971923828,6585.52978515625
2018-10-11,189.49899291992188,6256.240234375
2018-10-12,196.7270050048828,6274.580078125
2018-10-13,199.84100341796875,6285.990234375
2018-10-14,195.71499633789062,6290.93017578125
2018-10-15,209.70399475097656,6596.5400390625
2018-10-16,210.1199951171875,6596.10986328125
2018-10-17,207.08299255371094,6544.43017578125
2018-10-18,203.3520050048828,6476.7099609375
2018-10-19,203.7270050048828,6465.41015625
2018-10-20,205.42999267578125,6489.18994140625
2018-10-21,205.14199829101562,6482.35009765625
2018-10-22,204.04400634765625,6487.16015625
2018-10-23,204.33599853515625,6475.740234375
2018-10-24,203.8520050048828,6495.83984375
2018-10-25,202.718994140625,6476.2900390625
2018-10-26,203.32899475097656,6474.75
2018-10-27,204.2100067138672,6480.3798828125
2018-10-28,205.36599731445312,6486.39013671875
2018-10-29,197.2469940185547,6332.6298828125
2018-10-30,197.55599975585938,6334.27001953125
2018-10-31,197.38099670410156,6317.60986328125
2018-11-01,198.8719940185547,6377.77978515625
2018-11-02,200.63499450683594,6388.43994140625
2018-11-03,200.18600463867188,6361.259765625
2018-11-04,207.48599243164062,6376.1298828125
2018-11-05,209.09100341796875,6419.66015625
2018-11-06,218.45199584960938,6461.009765625
2018-11-07,217.18299865722656,6530.14013671875
2018-11-08,212.2310028076172,6453.72021484375
2018-11-09,210.07400512695312,6385.6201171875
2018-11-10,212.5330047607422,6409.22021484375
2018-11-11,211.33999633789062,6411.27001953125
2018-11-12,210.41799926757812,6371.27001953125
2018-11-13,206.8260040283203,6359.490234375
2018-11-14,181.39700317382812,5738.35009765625
2018-11-15,180.80599975585938,5648.02978515625
2018-11-16,175.177001953125,5575.5498046875
2018-11-17,174.00100708007812,5554.330078125
2018-11-18,177.06700134277344,5623.5400390625
2018-11-19,149.1750030517578,4871.490234375
2018-11-20,130.33900451660156,4451.8701171875
2018-11-21,136.7010040283203,4602.169921875
2018-11-22,126.70600128173828,4365.93994140625
2018-11-23,123.2959976196289,4347.10986328125
2018-11-24,113.49400329589844,3880.760009765625
2018-11-25,116.44999694824219,4009.969970703125
2018-11-26,108.33499908447266,3779.1298828125
2018-11-27,110.01000213623047,3820.719970703125
2018-11-28,122.43800354003906,4257.419921875
2018-11-29,117.54264831542969,4278.8466796875
2018-11-30,113.17141723632812,4017.2685546875
2018-12-01,118.63555908203125,4214.671875
2018-12-02,116.38890075683594,4139.8779296875
2018-12-03,108.92501831054688,3894.130859375
2018-12-04,110.21418762207031,3956.893798828125
2018-12-05,102.47555541992188,3753.994873046875
2018-12-06,91.76105499267578,3521.101806640625
2018-12-07,93.29456329345703,3419.937255859375
2018-12-08,92.15963745117188,3476.11474609375
2018-12-09,95.14205932617188,3614.234375
2018-12-10,91.68565368652344,3502.656005859375
2018-12-11,88.94530487060547,3424.588134765625
2018-12-12,90.59329986572266,3486.9501953125
2018-12-13,86.53931427001953,3313.67724609375
2018-12-14,84.30829620361328,3242.48486328125
2018-12-15,84.44081115722656,3236.76171875
2018-12-16,85.26210021972656,3252.839111328125
2018-12-17,95.13382720947266,3545.86474609375
2018-12-18,101.11245727539062,3696.05908203125
2018-12-19,101.2685775756836,3745.95068359375
2018-12-20,116.21687316894531,4134.44140625
2018-12-21,109.49623107910156,3896.543701171875
2018-12-22,116.7594985961914,4014.1826171875
2018-12-23,130.7652587890625,3998.980224609375
2018-12-24,140.23800659179688,4078.59912109375
2018-12-25,129.84434509277344,3815.49072265625
2018-12-26,131.86563110351562,3857.297607421875
2018-12-27,116.57591247558594,3654.83349609375
2018-12-28,137.6470184326172,3923.918701171875
2018-12-29,138.01834106445312,3820.40869140625
2018-12-30,139.8594512939453,3865.95263671875
2018-12-31,133.36825561523438,3742.700439453125
2019-01-01,140.8194122314453,3843.52001953125
2019-01-02,155.0476837158203,3943.409423828125
2019-01-03,149.135009765625,3836.7412109375
2019-01-04,154.58193969726562,3857.717529296875
2019-01-05,155.6385955810547,3845.194580078125
2019-01-06,157.74620056152344,4076.632568359375
2019-01-07,151.69921875,4025.248291015625
2019-01-08,150.35963439941406,4030.847900390625
2019-01-09,150.80311584472656,4035.29638671875
2019-01-10,128.62518310546875,3678.924560546875
2019-01-11,127.54832458496094,3687.365478515625
2019-01-12,125.9665298461914,3661.301025390625
2019-01-13,116.8978042602539,3552.953125
2019-01-14,129.0687255859375,3706.05224609375
2019-01-15,122.03271484375,3630.67529296875
2019-01-16,123.54706573486328,3655.0068359375
2019-01-17,123.7419204711914,3678.56396484375
2019-01-18,121.01026153564453,3657.83935546875
2019-01-19,124.5190200805664,3728.568359375
2019-01-20,119.4748306274414,3601.013671875
2019-01-21,117.15785217285156,3576.032470703125
2019-01-22,118.74755096435547,3604.5771484375
2019-01-23,117.45260620117188,3585.123046875
2019-01-24,117.36288452148438,3600.865478515625
2019-01-25,116.37834167480469,3599.765869140625
2019-01-26,116.48873901367188,3602.46044921875
2019-01-27,113.40528869628906,3583.9658203125
2019-01-28,106.58997344970703,3470.450439453125
2019-01-29,105.59821319580078,3448.116943359375
2019-01-30,108.90753936767578,3486.181640625
2019-01-31,107.0610122680664,3457.792724609375
2019-02-01,107.60978698730469,3487.9453125
2019-02-02,110.43025970458984,3521.060791015625
2019-02-03,107.49266815185547,3464.013427734375
2019-02-04,107.82160186767578,3459.154052734375
2019-02-05,107.44351959228516,3466.357421875
2019-02-06,104.9192886352539,3413.767822265625
2019-02-07,104.5353012084961,3399.4716796875
2019-02-08,119.26774597167969,3666.7802734375
2019-02-09,119.4308853149414,3671.20361328125
2019-02-10,124.80648803710938,3690.188232421875
2019-02-11,121.29839324951172,3648.4306640625
2019-02-12,122.5722885131836,3653.528564453125
2019-02-13,122.55360412597656,3632.070556640625
2019-02-14,121.39020538330078,3616.880859375
2019-02-15,122.10038757324219,3620.810791015625
2019-02-16,123.26021575927734,3629.78759765625
2019-02-17,133.598876953125,3673.836181640625
2019-02-18,146.09837341308594,3915.71435546875
2019-02-19,145.34619140625,3947.094482421875
2019-02-20,149.55433654785156,3999.820556640625
2019-02-21,146.13084411621094,3954.1181640625
2019-02-22,149.0924530029297,4005.526611328125
2019-02-23,158.79542541503906,4142.52685546875
2019-02-24,135.8526611328125,3810.427490234375
2019-02-25,139.82286071777344,3882.6962890625
2019-02-26,138.0896759033203,3854.35791015625
2019-02-27,136.12596130371094,3851.04736328125
2019-02-28,136.74624633789062,3854.785400390625
2019-03-01,136.44361877441406,3859.583740234375
2019-03-02,134.2069549560547,3864.4150390625
2019-03-03,132.24942016601562,3847.17578125
2019-03-04,127.77412414550781,3761.55712890625
2019-03-05,137.8223876953125,3896.375
2019-03-06,138.7893524169922,3903.942626953125
2019-03-07,138.0345001220703,3911.484375
2019-03-08,135.1270751953125,3901.131591796875
2019-03-09,137.96533203125,3963.313720703125
2019-03-10,136.75868225097656,3951.599853515625
2019-03-11,133.8340301513672,3905.227294921875
2019-03-12,134.44288635253906,3909.15625
2019-03-13,133.26307678222656,3906.71728515625
2019-03-14,133.7115936279297,3924.369140625
2019-03-15,137.69178771972656,3960.9111328125
2019-03-16,142.39817810058594,4048.725830078125
2019-03-17,140.00054931640625,4025.22900390625
2019-03-18,139.37460327148438,4032.50732421875
2019-03-19,140.51919555664062,4071.190185546875
2019-03-20,140.6863555908203,4087.476318359375
2019-03-21,136.6360626220703,4029.326904296875
2019-03-22,137.1814422607422,4023.96826171875
2019-03-23,138.2398681640625,4035.826416015625
2019-03-24,136.98692321777344,4022.168212890625
2019-03-25,135.03102111816406,3963.070556640625
2019-03-26,135.46035766601562,3985.080810546875
2019-03-27,140.9881591796875,4087.066162109375
2019-03-28,139.41647338867188,4069.107177734375
2019-03-29,142.49742126464844,4098.37451171875
2019-03-30,142.09268188476562,4106.66015625
2019-03-31,141.51409912109375,4105.404296875
2019-04-01,141.830322265625,4158.18310546875
2019-04-02,163.9617462158203,4879.8779296875
2019-04-03,161.45880126953125,4973.02197265625
2019-04-04,158.0525360107422,4922.798828125
2019-04-05,165.5148468017578,5036.68115234375
2019-04-06,165.94720458984375,5059.8173828125
2019-04-07,174.53164672851562,5198.89697265625
2019-04-08,180.25881958007812,5289.77099609375
2019-04-09,176.1145782470703,5204.95849609375
2019-04-10,177.3374786376953,5324.5517578125
2019-04-11,165.4970245361328,5064.48779296875
2019-04-12,164.736328125,5089.5390625
2019-04-13,164.5133514404297,5096.58642578125
2019-04-14,167.83851623535156,5167.72216796875
2019-04-15,161.5741729736328,5067.1083984375
2019-04-16,167.62344360351562,5235.5595703125
2019-04-17,166.9507598876953,5251.93798828125
2019-04-18,173.81402587890625,5298.3857421875
2019-04-19,173.70843505859375,5303.8125
2019-04-20,173.7512664794922,5337.88623046875
2019-04-21,170.04652404785156,5314.53125
2019-04-22,171.87466430664062,5399.365234375
2019-04-23,171.4477996826172,5572.3623046875
2019-04-24,165.8260955810547,5464.86669921875
2019-04-25,154.4593963623047,5210.515625
2019-04-26,156.3470916748047,5279.34814453125
2019-04-27,158.4349365234375,5268.291015625
2019-04-28,157.29507446289062,5285.13916015625
2019-04-29,155.20199584960938,5247.3525390625
2019-04-30,162.16603088378906,5350.7265625
2019-05-01,160.81834411621094,5402.697265625
2019-05-02,162.12278747558594,5505.28369140625
2019-05-03,167.95240783691406,5768.28955078125
2019-05-04,164.02658081054688,5831.16748046875
2019-05-05,163.45069885253906,5795.70849609375
2019-05-06,172.65321350097656,5746.80712890625
2019-05-07,169.7986602783203,5829.50146484375
2019-05-08,170.9481658935547,5982.45751953125
2019-05-09,170.289306640625,6174.52880859375
2019-05-10,173.1427459716797,6378.84912109375
2019-05-11,194.30433654785156,7204.771484375
2019-05-12,187.3253173828125,6972.37158203125
2019-05-13,196.84628295898438,7814.9150390625
2019-05-14,217.14857482910156,7994.416015625
2019-05-15,247.15306091308594,8205.16796875
2019-05-16,264.010009765625,7884.9091796875
2019-05-17,243.76458740234375,7343.8955078125
2019-05-18,234.59523010253906,7271.2080078125
2019-05-19,261.2922058105469,8197.689453125
2019-05-20,251.86441040039062,7978.30908203125
2019-05-21,255.21588134765625,7963.32763671875
2019-05-22,244.69891357421875,7680.06640625
2019-05-23,245.96566772460938,7881.8466796875
2019-05-24,249.4849853515625,7987.37158203125
2019-05-25,251.75987243652344,8052.5439453125
2019-05-26,267.06964111328125,8673.2158203125
2019-05-27,272.8626403808594,8805.7783203125
2019-05-28,271.7687072753906,8719.9619140625
2019-05-29,269.4556884765625,8659.4873046875
2019-05-30,255.85894775390625,8319.47265625
2019-05-31,268.1135559082031,8574.501953125
2019-06-01,265.3912658691406,8564.0166015625
2019-06-02,270.22552490234375,8742.9580078125
2019-06-03,252.60792541503906,8208.9951171875
2019-06-04,241.3387908935547,7707.77099609375
2019-06-05,247.05101013183594,7824.2314453125
2019-06-06,249.47433471679688,7822.0234375
2019-06-07,250.93035888671875,8043.951171875
2019-06-08,245.73809814453125,7954.1279296875
2019-06-09,233.08670043945312,7688.0771484375
2019-06-10,247.52012634277344,8000.32958984375
2019-06-11,245.78182983398438,7927.71435546875
2019-06-12,260.9032897949219,8145.857421875
2019-06-13,256.1687927246094,8230.923828125
2019-06-14,264.08746337890625,8693.8330078125
2019-06-15,269.0193176269531,8838.375
2019-06-16,269.22320556640625,8994.48828125
2019-06-17,274.3511047363281,9320.3525390625
2019-06-18,265.0518493652344,9081.7626953125
2019-06-19,269.4317932128906,9273.521484375
2019-06-20,271.69500732421875,9527.16015625
2019-06-21,294.9102783203125,10144.556640625
2019-06-22,309.38031005859375,10701.69140625
2019-06-23,307.8277893066406,10855.37109375
2019-06-24,310.4246826171875,11011.1025390625
2019-06-25,318.1263122558594,11790.9169921875
2019-06-26,336.753173828125,13016.2314453125
2019-06-27,294.26763916015625,11182.806640625
2019-06-28,311.2261047363281,12407.33203125
2019-06-29,320.05889892578125,11959.37109375
2019-06-30,290.69598388671875,10817.1552734375
2019-07-01,293.64111328125,10583.134765625
2019-07-02,291.596435546875,10801.677734375
2019-07-03,303.0999755859375,11961.26953125
2019-07-04,284.5232238769531,11215.4375
2019-07-05,287.9975280761719,10978.4599609375
2019-07-06,287.547119140625,11208.55078125
2019-07-07,305.7005615234375,11450.8466796875
2019-07-08,313.25140380859375,12285.9580078125
2019-07-09,308.8810119628906,12573.8125
2019-07-10,290.0023193359375,12156.5126953125
2019-07-11,268.70404052734375,11358.662109375
2019-07-12,276.2767028808594,11815.986328125
2019-07-13,269.45880126953125,11392.37890625
2019-07-14,227.57806396484375,10256.05859375
2019-07-15,229.7760009765625,10895.08984375
2019-07-16,199.1886749267578,9477.6416015625
2019-07-17,211.48497009277344,9693.802734375
2019-07-18,226.566162109375,10666.482421875
2019-07-19,221.3334197998047,10530.732421875
2019-07-20,229.1192169189453,10767.1396484375
2019-07-21,225.63076782226562,10599.10546875
2019-07-22,217.5600128173828,10343.1064453125
2019-07-23,212.728515625,9900.767578125
2019-07-24,217.04637145996094,9811.92578125
2019-07-25,219.6179962158203,9911.841796875
2019-07-26,219.62960815429688,9870.3037109375
2019-07-27,207.40830993652344,9477.677734375
2019-07-28,211.18655395507812,9552.8603515625
2019-07-29,211.26805114746094,9519.1455078125
2019-07-30,210.52259826660156,9607.423828125
2019-07-31,218.65414428710938,10085.6279296875
2019-08-01,217.80844116210938,10399.6689453125
2019-08-02,217.87156677246094,10518.1748046875
2019-08-03,222.49034118652344,10821.7265625
2019-08-04,222.6697235107422,10970.1845703125
2019-08-05,234.21502685546875,11805.6533203125
2019-08-06,226.02064514160156,11478.1689453125
2019-08-07,226.39100646972656,11941.96875
2019-08-08,220.94186401367188,11966.4072265625
2019-08-09,210.48890686035156,11862.9365234375
2019-08-10,206.73353576660156,11354.0244140625
2019-08-11,216.09286499023438,11523.5791015625
2019-08-12,211.28807067871094,11382.6162109375
2019-08-13,208.70904541015625,10895.830078125
2019-08-14,186.6077423095703,10051.7041015625
2019-08-15,188.50205993652344,10311.5458984375
2019-08-16,185.44007873535156,10374.3388671875
2019-08-17,185.68768310546875,10231.744140625
2019-08-18,194.4935302734375,10345.810546875
2019-08-19,203.09193420410156,10916.0537109375
2019-08-20,196.56541442871094,10763.232421875
2019-08-21,186.89163208007812,10138.0498046875
2019-08-22,191.33291625976562,10131.0556640625
2019-08-23,194.70620727539062,10407.96484375
2019-08-24,191.28956604003906,10159.9609375
2019-08-25,186.84239196777344,10138.517578125
2019-08-26,188.92938232421875,10370.8203125
2019-08-27,187.51666259765625,10185.5
2019-08-28,173.8899688720703,9754.4228515625
2019-08-29,169.51673889160156,9510.2001953125
2019-08-30,168.83486938476562,9598.173828125
2019-08-31,172.46978759765625,9630.6640625
2019-09-01,171.62942504882812,9757.970703125
2019-09-02,178.34735107421875,10346.7607421875
2019-09-03,179.49932861328125,10623.5400390625
2019-09-04,175.99288940429688,10594.4931640625
2019-09-05,174.21713256835938,10575.533203125
2019-09-06,169.9561767578125,10353.302734375
2019-09-07,178.2626190185547,10517.2548828125
2019-09-08,181.35552978515625,10441.2763671875
2019-09-09,181.1494598388672,10334.974609375
2019-09-10,179.78717041015625,10115.9755859375
2019-09-11,178.72549438476562,10178.3720703125
2019-09-12,181.01609802246094,10410.126953125
2019-09-13,181.10972595214844,10360.546875
2019-09-14,188.1055145263672,10358.048828125
2019-09-15,189.78912353515625,10347.712890625
2019-09-16,197.11317443847656,10276.7939453125
2019-09-17,208.60874938964844,10241.2724609375
2019-09-18,211.39303588867188,10198.248046875
2019-09-19,221.28085327148438,10266.4150390625
2019-09-20,218.050048828125,10181.6416015625
2019-09-21,215.51620483398438,10019.716796875
2019-09-22,211.54537963867188,10070.392578125
2019-09-23,201.9213104248047,9729.32421875
2019-09-24,168.11073303222656,8620.56640625
2019-09-25,170.8927001953125,8486.9931640625
2019-09-26,166.7271270751953,8118.9677734375
2019-09-27,174.71099853515625,8251.845703125
2019-09-28,174.57289123535156,8245.9150390625
2019-09-29,170.50347900390625,8104.185546875
2019-09-30,179.87220764160156,8293.8681640625
2019-10-01,177.34042358398438,8343.2763671875
2019-10-02,180.71051025390625,8393.0419921875
2019-10-03,175.1993408203125,8259.9921875
2019-10-04,176.98500061035156,8205.939453125
2019-10-05,176.3515167236328,8151.50048828125
2019-10-06,173.05914306640625,7988.15576171875
2019-10-07,181.18634033203125,8245.623046875
2019-10-08,182.0215606689453,8228.783203125
2019-10-09,193.2932586669922,8595.740234375
2019-10-10,191.65966796875,8586.4736328125
2019-10-11,182.56968688964844,8321.7568359375
2019-10-12,180.82664489746094,8336.5556640625
2019-10-13,182.0751495361328,8321.005859375
2019-10-14,186.96090698242188,8374.6865234375
2019-10-15,181.40606689453125,8205.369140625
2019-10-16,176.0135040283203,8047.52685546875
2019-10-17,178.02835083007812,8103.9111328125
2019-10-18,173.621337890625,7973.20751953125
2019-10-19,172.91302490234375,7988.560546875
2019-10-20,175.5343780517578,8222.078125
2019-10-21,174.92098999023438,8243.720703125
2019-10-22,172.3008575439453,8078.203125
2019-10-23,162.4027862548828,7514.671875
2019-10-24,162.16854858398438,7493.48876953125
2019-10-25,181.52320861816406,8660.7001953125
2019-10-26,179.83547973632812,9244.97265625
2019-10-27,184.24221801757812,9551.71484375
2019-10-28,182.66281127929688,9256.1484375
2019-10-29,190.3425750732422,9427.6875
2019-10-30,184.69216918945312,9205.7265625
2019-10-31,183.9669189453125,9199.5849609375
2019-11-01,183.9698944091797,9261.1044921875
2019-11-02,183.92572021484375,9324.7177734375
2019-11-03,182.42501831054688,9235.3544921875
2019-11-04,186.35519409179688,9412.6123046875
2019-11-05,189.30416870117188,9342.52734375
2019-11-06,191.59384155273438,9360.8798828125
2019-11-07,187.97654724121094,9267.5615234375
2019-11-08,184.2114715576172,8804.880859375
2019-11-09,185.02871704101562,8813.58203125
2019-11-10,189.47727966308594,9055.5263671875
2019-11-11,185.48963928222656,8757.7880859375
2019-11-12,186.84341430664062,8815.662109375
2019-11-13,188.2587432861328,8808.2626953125
2019-11-14,185.9996337890625,8708.0947265625
2019-11-15,180.52117919921875,8491.9921875
2019-11-16,183.34835815429688,8550.7607421875
2019-11-17,185.11923217773438,8577.9755859375
2019-11-18,180.55960083007812,8309.2861328125
2019-11-19,177.45555114746094,8206.1455078125
2019-11-20,175.69834899902344,8027.26806640625
2019-11-21,161.4627227783203,7642.75
2019-11-22,150.26817321777344,7296.57763671875
2019-11-23,153.41778564453125,7397.796875
2019-11-24,142.83470153808594,7047.9169921875
2019-11-25,146.47653198242188,7146.1337890625
2019-11-26,148.96507263183594,7218.37109375
2019-11-27,153.01055908203125,7531.66357421875
2019-11-28,151.7175750732422,7463.10595703125
2019-11-29,155.3041534423828,7761.24365234375
2019-11-30,152.53968811035156,7569.6298828125
2019-12-01,151.18572998046875,7424.29248046875
2019-12-02,149.0591583251953,7321.98828125
2019-12-03,147.9564208984375,7320.1455078125
2019-12-04,146.74774169921875,7252.03466796875
2019-12-05,149.24899291992188,7448.3076171875
2019-12-06,149.19444274902344,7546.99658203125
2019-12-07,148.76815795898438,7556.23779296875
2019-12-08,151.2647247314453,7564.34521484375
2019-12-09,148.2251739501953,7400.8994140625
2019-12-10,146.2670440673828,7278.11962890625
2019-12-11,143.60800170898438,7217.42724609375
2019-12-12,145.60400390625,7243.13427734375
2019-12-13,144.9447479248047,7269.6845703125
2019-12-14,142.86923217773438,7124.673828125
2019-12-15,143.114990234375,7152.3017578125
2019-12-16,133.61402893066406,6932.48046875
2019-12-17,122.60388946533203,6640.51513671875
2019-12-18,133.09219360351562,7276.802734375
2019-12-19,129.32113647460938,7202.84423828125
2019-12-20,129.06605529785156,7218.81640625
2019-12-21,128.13095092773438,7191.15869140625
2019-12-22,132.3725128173828,7511.5888671875
2019-12-23,128.6140899658203,7355.62841796875
2019-12-24,129.0638885498047,7322.5322265625
2019-12-25,126.45463562011719,7275.15576171875
2019-12-26,126.36122131347656,7238.966796875
2019-12-27,127.21460723876953,7290.08837890625
2019-12-28,128.3227081298828,7317.990234375
2019-12-29,134.7579803466797,7422.65283203125
2019-12-30,132.63348388671875,7292.9951171875
2019-12-31,129.61085510253906,7193.59912109375
2020-01-01,130.802001953125,7200.17431640625
2020-01-02,127.4101791381836,6985.47021484375
2020-01-03,134.1717071533203,7344.88427734375
2020-01-04,135.06936645507812,7410.65673828125
2020-01-05,136.2767791748047,7411.3173828125
2020-01-06,144.3041534423828,7769.21923828125
2020-01-07,143.5439910888672,8163.6923828125
2020-01-08,141.2581329345703,8079.86279296875
2020-01-09,138.9792022705078,7879.0712890625
2020-01-10,143.96377563476562,8166.55419921875
2020-01-11,142.92710876464844,8037.53759765625
2020-01-12,145.87393188476562,8192.494140625
2020-01-13,144.22659301757812,8144.1943359375
2020-01-14,165.95535278320312,8827.7646484375
2020-01-15,166.23068237304688,8807.0107421875
2020-01-16,164.39100646972656,8723.7861328125
2020-01-17,170.7799530029297,8929.0380859375
2020-01-18,175.3656768798828,8942.80859375
2020-01-19,166.9698486328125,8706.2451171875
2020-01-20,167.12051391601562,8657.642578125
2020-01-21,169.69715881347656,8745.89453125
2020-01-22,168.29415893554688,8680.8759765625
2020-01-23,162.92855834960938,8406.515625
2020-01-24,163.05117797851562,8445.4345703125
2020-01-25,161.283935546875,8367.84765625
2020-01-26,168.0771026611328,8596.830078125
2020-01-27,170.93089294433594,8909.8193359375
2020-01-28,176.3703155517578,9358.58984375
2020-01-29,175.0503387451172,9316.6298828125
2020-01-30,184.6904754638672,9508.9931640625
2020-01-31,180.16017150878906,9350.529296875
2020-02-01,183.6739501953125,9392.875
2020-02-02,188.61753845214844,9344.365234375
2020-02-03,189.8650665283203,9293.521484375
2020-02-04,189.25059509277344,9180.962890625
2020-02-05,204.23023986816406,9613.423828125
2020-02-06,212.33908081054688,9729.8017578125
2020-02-07,222.72605895996094,9795.943359375
2020-02-08,223.14651489257812,9865.119140625
2020-02-09,228.5785675048828,10116.673828125
2020-02-10,223.522705078125,9856.611328125
2020-02-11,235.8511962890625,10208.236328125
2020-02-12,265.4061279296875,10326.0546875
2020-02-13,268.0992431640625,10214.3798828125
2020-02-14,284.2174987792969,10312.1162109375
2020-02-15,264.72857666015625,9889.4248046875
2020-02-16,259.89471435546875,9934.43359375
2020-02-17,266.3634338378906,9690.142578125
2020-02-18,281.944580078125,10141.99609375
2020-02-19,259.76397705078125,9633.38671875
2020-02-20,257.949462890625,9608.4755859375
2020-02-21,265.6006164550781,9686.44140625
2020-02-22,262.33172607421875,9663.181640625
2020-02-23,273.754150390625,9924.515625
2020-02-24,265.2164306640625,9650.1748046875
2020-02-25,247.81759643554688,9341.705078125
2020-02-26,225.68026733398438,8820.5224609375
2020-02-27,226.75338745117188,8784.494140625
2020-02-28,226.760498046875,8672.455078125
2020-02-29,219.8485107421875,8599.5087890625
2020-03-01,218.97059631347656,8562.4541015625
2020-03-02,230.5697784423828,8869.669921875
2020-03-03,224.47962951660156,8787.7861328125
2020-03-04,224.51797485351562,8755.24609375
2020-03-05,229.2681884765625,9078.7626953125
2020-03-06,243.52529907226562,9122.5458984375
2020-03-07,237.85308837890625,8909.9541015625
2020-03-08,200.68905639648438,8108.1162109375
2020-03-09,201.986328125,7923.64453125
2020-03-10,200.76724243164062,7909.7294921875
2020-03-11,194.8685302734375,7911.43017578125
2020-03-12,112.34712219238281,4970.7880859375
2020-03-13,133.20181274414062,5563.70703125
2020-03-14,123.30602264404297,5200.3662109375
2020-03-15,125.21430206298828,5392.31494140625
2020-03-16,110.60587310791016,5014.47998046875
2020-03-17,113.9427490234375,5225.62939453125
2020-03-18,114.84226989746094,5238.4384765625
2020-03-19,136.59385681152344,6191.19287109375
2020-03-20,132.73716735839844,6198.7783203125
2020-03-21,132.81871032714844,6185.06640625
2020-03-22,123.32115173339844,5830.2548828125
2020-03-23,134.91160583496094,6416.31494140625
2020-03-24,138.76144409179688,6734.8037109375
2020-03-25,136.19589233398438,6681.06298828125
2020-03-26,138.36155700683594,6716.4404296875
2020-03-27,133.9379425048828,6469.79833984375
2020-03-28,130.9864959716797,6242.19384765625
2020-03-29,125.58373260498047,5922.04296875
2020-03-30,132.904541015625,6429.841796875
2020-03-31,133.59356689453125,6438.64453125
2020-04-01,135.63455200195312,6606.7763671875
2020-04-02,142.02914428710938,6793.62451171875
2020-04-03,142.09130859375,6733.38720703125
2020-04-04,145.21939086914062,6867.52734375
2020-04-05,143.54664611816406,6791.12939453125
2020-04-06,169.13587951660156,7271.78125
2020-04-07,165.10194396972656,7176.41455078125
2020-04-08,172.64173889160156,7334.0986328125
2020-04-09,170.80714416503906,7302.08935546875
2020-04-10,158.41244506835938,6865.4931640625
2020-04-11,158.2160186767578,6859.0830078125
2020-04-12,161.14242553710938,6971.091796875
2020-04-13,156.27955627441406,6845.03759765625
2020-04-14,157.5963897705078,6842.427734375
2020-04-15,153.28689575195312,6642.10986328125
2020-04-16,172.15737915039062,7116.80419921875
2020-04-18,186.91400146484375,7257.6650390625
2020-04-19,181.61495971679688,7189.4248046875
2020-04-20,172.2971649169922,6881.95849609375
2020-04-21,172.73770141601562,6880.3232421875
2020-04-22,182.59957885742188,7117.20751953125
2020-04-23,185.02867126464844,7429.724609375
2020-04-24,189.2369384765625,7550.90087890625
2020-04-25,195.5153045654297,7569.93603515625
2020-04-26,197.31753540039062,7679.8671875
2020-04-27,197.22471618652344,7795.60107421875
2020-04-28,198.41539001464844,7807.05859375
2020-04-29,216.96823120117188,8801.0380859375
2020-04-30,207.60205078125,8658.5537109375
2020-05-01,214.21910095214844,8864.7666015625
2020-05-02,215.32537841796875,8988.5966796875
2020-05-03,210.9331512451172,8897.46875
2020-05-04,208.17401123046875,8912.654296875
2020-05-05,206.77439880371094,9003.0703125
2020-05-06,204.0557861328125,9268.76171875
2020-05-07,212.28941345214844,9951.5185546875
2020-05-08,212.9915771484375,9842.666015625
2020-05-09,211.60012817382812,9593.896484375
2020-05-10,188.5995635986328,8756.4306640625
2020-05-11,185.912841796875,8601.7958984375
2020-05-12,189.3125,8804.4775390625
2020-05-13,199.1932830810547,9269.9873046875
2020-05-14,202.9490966796875,9733.7216796875
2020-05-15,195.62266540527344,9328.197265625
2020-05-16,200.6771240234375,9377.013671875
2020-05-17,207.15869140625,9670.7392578125
2020-05-18,214.52505493164062,9726.5751953125
2020-05-19,213.45111083984375,9729.0380859375
2020-05-20,210.09674072265625,9522.9814453125
2020-05-21,199.88360595703125,9081.76171875
2020-05-22,207.169189453125,9182.5771484375
2020-05-23,208.69439697265625,9209.287109375
2020-05-24,202.37034606933594,8790.3681640625
2020-05-25,205.3197479248047,8906.9345703125
2020-05-26,201.90231323242188,8835.052734375
2020-05-27,208.86343383789062,9181.017578125
2020-05-28,219.84042358398438,9525.7509765625
2020-05-29,220.6751251220703,9439.1240234375
2020-05-30,242.34559631347656,9700.4140625
2020-05-31,230.9757080078125,9461.05859375
2020-06-01,246.99176025390625,10167.2685546875
2020-06-02,237.21905517578125,9529.8037109375
2020-06-03,244.1793212890625,9656.7177734375
2020-06-04,244.4263916015625,9800.63671875
2020-06-05,241.22198486328125,9665.533203125
2020-06-06,241.9313201904297,9653.6796875
2020-06-07,245.16725158691406,9758.8525390625
2020-06-08,246.30990600585938,9771.4892578125
2020-06-09,244.9114532470703,9795.7001953125
2020-06-10,247.4449462890625,9870.0947265625
2020-06-11,231.70266723632812,9321.78125
2020-06-12,237.4932098388672,9480.84375
2020-06-13,238.90884399414062,9475.27734375
2020-06-14,234.1147003173828,9386.7880859375
2020-06-15,229.9289093017578,9450.7021484375
2020-06-16,234.41616821289062,9538.0244140625
2020-06-17,233.0282745361328,9480.2548828125
2020-06-18,232.10116577148438,9411.8408203125
2020-06-19,227.13829040527344,9288.0185546875
2020-06-20,229.27426147460938,9332.3408203125
2020-06-21,228.9898223876953,9303.6298828125
2020-06-22,242.53318786621094,9648.7177734375
2020-06-23,244.14215087890625,9629.658203125
2020-06-24,235.7724609375,9313.6103515625
2020-06-25,232.94448852539062,9264.8134765625
2020-06-26,229.6680450439453,9162.91796875
2020-06-27,222.9597930908203,9045.390625
2020-06-28,225.34716796875,9143.58203125
2020-06-29,228.1948699951172,9190.8544921875
2020-06-30,226.31500244140625,9137.9931640625
2020-07-01,231.11341857910156,9228.3251953125
2020-07-02,229.39219665527344,9123.41015625
2020-07-03,225.38706970214844,9087.3037109375
2020-07-04,229.07411193847656,9132.48828125
2020-07-05,227.6645965576172,9073.9423828125
2020-07-06,241.51022338867188,9375.474609375
2020-07-07,239.07553100585938,9252.27734375
2020-07-08,246.67001342773438,9428.3330078125
2020-07-09,243.01596069335938,9277.9677734375
2020-07-10,240.9849853515625,9278.8076171875
2020-07-11,239.4581756591797,9240.3466796875
2020-07-12,242.13169860839844,9276.5
2020-07-13,239.60458374023438,9243.6142578125
2020-07-14,240.21148681640625,9243.2138671875
2020-07-15,238.42352294921875,9192.8369140625
2020-07-16,233.64088439941406,9132.2275390625
2020-07-17,232.77308654785156,9151.392578125
2020-07-18,235.4838104248047,9159.0400390625
2020-07-19,238.48751831054688,9185.8173828125
2020-07-20,236.15316772460938,9164.2314453125
2020-07-21,245.0167236328125,9374.8876953125
2020-07-22,262.1906433105469,9525.36328125
2020-07-23,274.6890563964844,9581.072265625
2020-07-24,279.2154235839844,9536.892578125
2020-07-25,304.0567626953125,9677.11328125
2020-07-26,309.64361572265625,9905.1669921875
2020-07-27,321.51409912109375,10990.873046875
2020-07-28,316.6572570800781,10912.8232421875
2020-07-29,318.1908874511719,11100.4677734375
2020-07-30,334.5866394042969,11111.2138671875
2020-07-31,345.5546569824219,11323.466796875
2020-08-01,385.19970703125,11759.5927734375
2020-08-02,370.6717224121094,11053.6142578125
2020-08-03,386.295166015625,11246.3486328125
2020-08-04,389.87548828125,11205.892578125
2020-08-05,401.590576171875,11747.0224609375
2020-08-06,394.9619445800781,11779.7734375
2020-08-07,379.5128479003906,11601.47265625
2020-08-08,393.98736572265625,11754.0458984375
2020-08-09,391.1204528808594,11675.7392578125
2020-08-10,395.8875732421875,11878.111328125
2020-08-11,380.3840637207031,11410.525390625
2020-08-12,391.024169921875,11584.9345703125
2020-08-13,428.7417907714844,11784.1376953125
2020-08-14,437.3978271484375,11768.87109375
2020-08-15,433.35491943359375,11865.6982421875
2020-08-16,433.78662109375,11892.8037109375
2020-08-17,429.53125,12254.40234375
2020-08-18,423.6693115234375,11991.2333984375
2020-08-19,406.4637756347656,11758.283203125
2020-08-20,416.4397888183594,11878.3720703125
2020-08-21,389.1263427734375,11592.4892578125
2020-08-22,395.83514404296875,11681.8251953125
2020-08-23,391.3844909667969,11664.84765625
2020-08-24,408.1441955566406,11774.595703125
2020-08-25,384.00103759765625,11366.134765625
2020-08-26,386.46612548828125,11488.36328125
2020-08-27,382.63262939453125,11323.3974609375
2020-08-28,395.8746643066406,11542.5
2020-08-29,399.9214782714844,11506.865234375
2020-08-30,428.3957214355469,11711.505859375
2020-08-31,435.0797424316406,11680.8203125
2020-09-01,477.0519104003906,11970.478515625
2020-09-02,440.0404968261719,11414.0341796875
2020-09-03,385.67193603515625,10245.296875
2020-09-04,388.24114990234375,10511.8134765625
2020-09-05,335.26007080078125,10169.5673828125
2020-09-06,353.3622741699219,10280.3515625
2020-09-07,352.6734924316406,10369.5634765625
2020-09-08,337.60211181640625,10131.5166015625
2020-09-09,351.1100158691406,10242.34765625
2020-09-10,368.1018981933594,10363.138671875
2020-09-11,374.6955871582031,10400.9150390625
2020-09-12,387.18310546875,10442.1708984375
2020-09-13,365.57000732421875,10323.755859375
2020-09-14,377.26885986328125,10680.837890625
2020-09-15,364.8392028808594,10796.951171875
2020-09-16,365.8122863769531,10974.9052734375
2020-09-17,389.01922607421875,10948.990234375
2020-09-18,384.3645324707031,10944.5859375
2020-09-19,385.54437255859375,11094.3466796875
2020-09-20,371.0528259277344,10938.271484375
2020-09-21,341.78607177734375,10462.259765625
2020-09-22,344.503173828125,10538.4599609375
2020-09-23,320.5855407714844,10225.8642578125
2020-09-24,349.3566589355469,10745.548828125
2020-09-25,352.161865234375,10702.2900390625
2020-09-26,354.96527099609375,10754.4375
2020-09-27,357.3216857910156,10774.4267578125
2020-09-28,354.95050048828125,10721.3271484375
2020-09-29,359.9634094238281,10848.830078125
2020-09-30,360.0223693847656,10787.6181640625
2020-10-01,353.2312927246094,10623.330078125
2020-10-02,346.53265380859375,10585.1640625
2020-10-03,347.32159423828125,10565.4931640625
2020-10-04,353.1219177246094,10684.4287109375
2020-10-05,354.277099609375,10804.0009765625
2020-10-06,341.0211486816406,10621.6640625
2020-10-07,342.1197814941406,10679.13671875
2020-10-08,351.4556579589844,10923.6279296875
2020-10-10,370.96759033203125,11296.361328125
2020-10-11,375.1420593261719,11384.181640625
2020-10-14,379.4840393066406,11429.5068359375
2020-10-15,377.44183349609375,11495.349609375
2020-10-16,366.22900390625,11322.123046875
2020-10-17,368.8559265136719,11358.1015625
2020-10-18,378.21368408203125,11483.359375
2020-10-19,379.93560791015625,11742.037109375
2020-10-20,369.13690185546875,11916.3349609375
2020-10-21,392.1899719238281,12823.689453125
2020-10-22,413.7729797363281,12965.8916015625
2020-10-23,409.7666931152344,12931.5390625
2020-10-24,412.4576110839844,13108.0625
2020-10-25,406.2177734375,13031.173828125
2020-10-26,393.8883056640625,13075.248046875
2020-10-27,403.9970397949219,13654.21875
2020-10-28,388.6507568359375,13271.28515625
2020-10-29,386.7301025390625,13437.8828125
2020-10-30,382.8199768066406,13546.5224609375
2020-10-31,386.59033203125,13780.9951171875
2020-11-01,396.3581848144531,13737.109375
2020-11-02,383.15673828125,13550.4892578125
2020-11-03,387.6021728515625,13950.30078125
2020-11-04,402.1419982910156,14133.70703125
2020-11-05,414.0673522949219,15579.8486328125
2020-11-06,454.71929931640625,15565.880859375
2020-11-07,435.713134765625,14833.75390625
2020-11-08,453.5547790527344,15479.5673828125
2020-11-09,444.1630554199219,15332.3154296875
2020-11-10,449.67962646484375,15290.90234375
2020-11-11,462.9605407714844,15701.33984375
2020-11-12,461.0052795410156,16276.34375
2020-11-13,474.6264343261719,16317.80859375
2020-11-14,460.14984130859375,16068.138671875
2020-11-15,447.55908203125,15955.587890625
2020-11-16,459.9403076171875,16716.111328125
2020-11-17,480.3600769042969,17645.40625
2020-11-18,479.48406982421875,17804.005859375
2020-11-19,471.63043212890625,17817.08984375
2020-11-20,509.74456787109375,18621.314453125
2020-11-21,549.4866333007812,18642.232421875
2020-11-22,558.068115234375,18370.001953125
2020-11-23,608.4540405273438,18364.12109375
2020-11-24,603.8977661132812,19107.46484375
2020-11-25,570.6866455078125,18732.12109375
2020-11-26,518.8011474609375,17150.623046875
2020-11-27,517.4937133789062,17108.40234375
2020-11-28,538.2297973632812,17717.4140625
2020-11-29,575.758056640625,18177.484375
2020-11-30,614.842529296875,19625.8359375
2020-12-01,587.3241577148438,18802.998046875
2020-12-02,598.3523559570312,19201.091796875
2020-12-03,616.708740234375,19445.3984375
2020-12-04,569.3541870117188,18699.765625
2020-12-05,596.595458984375,19154.23046875
2020-12-06,601.9089965820312,19345.12109375
2020-12-07,591.8433837890625,19191.630859375
2020-12-08,554.8277587890625,18321.14453125
2020-12-09,573.4791259765625,18553.916015625
2020-12-10,559.6785278320312,18264.9921875
2020-12-11,545.79736328125,18058.904296875
2020-12-12,568.5673217773438,18803.65625
2020-12-13,589.6632080078125,19142.3828125
2020-12-14,586.0111694335938,19246.64453125
2020-12-15,589.3555908203125,19417.076171875
2020-12-16,636.1818237304688,21310.59765625
2020-12-17,642.8689575195312,22805.162109375
2020-12-18,654.8119506835938,23137.9609375
2020-12-19,659.2979125976562,23869.83203125
2020-12-20,638.2908325195312,23477.294921875
2020-12-21,609.81787109375,22803.08203125
2020-12-22,634.8541870117188,23783.029296875
2020-12-23,583.714599609375,23241.345703125
2020-12-24,611.607177734375,23735.94921875
2020-12-25,626.4107055664062,24664.791015625
2020-12-26,635.8358154296875,26437.037109375
2020-12-27,682.642333984375,26272.294921875
2020-12-28,730.3973388671875,27084.80859375
2020-12-29,731.5201416015625,27362.4375
2020-12-30,751.6189575195312,28840.953125
2020-12-31,737.8034057617188,29001.720703125
2021-01-01,730.3675537109375,29374.15234375
2021-01-02,774.5349731445312,32127.267578125
2021-01-03,975.5076904296875,32782.0234375
2021-01-04,1040.2330322265625,31971.9140625
2021-01-05,1100.006103515625,33992.4296875
2021-01-06,1207.1121826171875,36824.36328125
2021-01-07,1225.6781005859375,39371.04296875
2021-01-08,1224.1971435546875,40797.609375
2021-01-09,1281.0772705078125,40254.546875
2021-01-10,1262.2467041015625,38356.44140625
2021-01-11,1090.1453857421875,35566.65625
2021-01-12,1043.4345703125,33922.9609375
2021-01-13,1130.7393798828125,37316.359375
2021-01-14,1218.4530029296875,39187.328125
2021-01-15,1171.8345947265625,36825.3671875
2021-01-16,1233.53759765625,36178.140625
2021-01-17,1230.1722412109375,35791.27734375
2021-01-18,1257.279541015625,36630.07421875
2021-01-19,1377.2958984375,36069.8046875
2021-01-20,1382.2740478515625,35547.75
2021-01-21,1121.5709228515625,30825.69921875
2021-01-22,1236.51220703125,33005.76171875
2021-01-23,1230.9906005859375,32067.642578125
2021-01-24,1391.609375,32289.37890625
2021-01-25,1324.414794921875,32366.392578125
2021-01-26,1357.05810546875,32569.849609375
2021-01-27,1253.1871337890625,30432.546875
2021-01-28,1298.101806640625,31649.60546875
2021-01-29,1382.5228271484375,34316.38671875
2021-01-30,1376.115478515625,34269.5234375
2021-01-31,1314.9862060546875,33114.359375
2021-02-01,1369.04052734375,33537.17578125
2021-02-02,1515.1937255859375,35510.2890625
2021-02-03,1660.9095458984375,37472.08984375
2021-02-04,1594.7626953125,36926.06640625
2021-02-05,1718.65087890625,38144.30859375
2021-02-06,1677.8468017578125,39266.01171875
2021-02-07,1614.227783203125,38903.44140625
2021-02-08,1746.6168212890625,46196.46484375
2021-02-09,1768.0350341796875,46481.10546875
2021-02-10,1744.243408203125,44918.18359375
2021-02-11,1783.7979736328125,47909.33203125
2021-02-12,1843.5325927734375,47504.8515625
2021-02-13,1814.10986328125,47105.515625
2021-02-14,1805.0841064453125,48717.2890625
2021-02-15,1779.791015625,47945.05859375
2021-02-16,1781.0675048828125,49199.87109375
2021-02-17,1848.458251953125,52149.0078125
2021-02-18,1937.44921875,51679.796875
2021-02-19,1960.164794921875,55888.1328125
2021-02-20,1919.5340576171875,56099.51953125
2021-02-21,1935.60107421875,57539.9453125
2021-02-22,1781.992919921875,54207.3203125
2021-02-23,1570.2039794921875,48824.42578125
2021-02-24,1626.57568359375,49705.33203125
2021-02-25,1475.7037353515625,47093.8515625
2021-02-26,1446.03369140625,46339.76171875
2021-02-27,1459.97314453125,46188.453125
2021-02-28,1416.0489501953125,45137.76953125
2021-03-01,1564.7076416015625,49631.2421875
2021-03-02,1492.6087646484375,48378.98828125
2021-03-03,1575.8531494140625,50538.2421875
2021-03-04,1541.914306640625,48561.16796875
2021-03-05,1533.2750244140625,48927.3046875
2021-03-06,1654.7415771484375,48912.3828125
2021-03-07,1723.15380859375,51206.69140625
2021-03-08,1834.7279052734375,52246.5234375
2021-03-09,1868.048828125,54824.1171875
2021-03-10,1799.166259765625,56008.55078125
2021-03-11,1826.1949462890625,57805.12109375
2021-03-12,1772.1024169921875,57332.08984375
2021-03-13,1924.6854248046875,61243.0859375
2021-03-14,1854.5643310546875,59302.31640625
2021-03-15,1791.7022705078125,55907.19921875
2021-03-16,1806.9718017578125,56804.90234375
2021-03-17,1823.4493408203125,58870.89453125
2021-03-18,1782.8551025390625,57858.921875
2021-03-19,1817.6241455078125,58346.65234375
2021-03-20,1812.6346435546875,58313.64453125
2021-03-21,1788.217041015625,57523.421875
2021-03-22,1691.333984375,54529.14453125
2021-03-23,1678.650146484375,54738.9453125
2021-03-24,1593.4134521484375,52774.265625
2021-03-25,1595.3592529296875,51704.16015625
2021-03-26,1702.842041015625,55137.3125
2021-03-27,1716.49462890625,55973.51171875
2021-03-28,1691.35595703125,55950.74609375
2021-03-29,1819.6849365234375,57750.19921875
2021-03-30,1846.03369140625,58917.69140625
2021-03-31,1918.362060546875,58918.83203125
2021-04-01,1977.27685546875,59095.80859375
2021-04-02,2143.2255859375,59384.3125
2021-04-03,2028.4224853515625,57603.890625
2021-04-04,2093.122802734375,58758.5546875
2021-04-05,2107.88720703125,59057.87890625
2021-04-06,2118.37890625,58192.359375
2021-04-07,1971.0772705078125,56048.9375
2021-04-08,2088.57373046875,58323.953125
2021-04-09,2072.10888671875,58245.00390625
2021-04-10,2135.942138671875,59793.234375
2021-04-11,2157.656982421875,60204.96484375
2021-04-12,2139.353271484375,59893.453125
2021-04-13,2299.187744140625,63503.45703125
2021-04-14,2435.10498046875,63109.6953125
2021-04-15,2519.1162109375,63314.01171875
2021-04-16,2431.946533203125,61572.7890625
2021-04-17,2344.89501953125,60683.8203125
2021-04-18,2237.136962890625,56216.18359375
2021-04-19,2166.188720703125,55724.265625
2021-04-20,2330.2109375,56473.03125
2021-04-21,2364.751708984375,53906.08984375
2021-04-22,2403.53515625,51762.2734375
2021-04-23,2363.586181640625,51093.65234375
2021-04-24,2211.625732421875,50050.8671875
2021-04-25,2316.0595703125,49004.25390625
2021-04-26,2534.481689453125,54021.75390625
2021-04-27,2662.865234375,55033.1171875
2021-04-28,2746.380126953125,54824.703125
2021-04-29,2756.876953125,53555.109375
2021-04-30,2773.20703125,57750.17578125
2021-05-01,2945.892822265625,57828.05078125
2021-05-02,2952.05615234375,56631.078125
2021-05-03,3431.086181640625,57200.29296875
2021-05-04,3253.62939453125,53333.5390625
2021-05-05,3522.783203125,57424.0078125
2021-05-06,3490.88037109375,56396.515625
2021-05-07,3484.72900390625,57356.40234375
2021-05-08,3902.647705078125,58803.77734375
2021-05-09,3928.8447265625,58232.31640625
2021-05-10,3952.2939453125,55859.796875
2021-05-11,4168.701171875,56704.57421875
2021-05-12,3785.8486328125,49150.53515625
2021-05-13,3715.1484375,49716.19140625
2021-05-14,4079.057373046875,49880.53515625
2021-05-15,3638.1220703125,46760.1875
2021-05-16,3587.506103515625,46456.05859375
2021-05-17,3282.397705078125,43537.51171875
2021-05-18,3380.070068359375,42909.40234375
2021-05-19,2460.67919921875,37002.44140625
2021-05-20,2784.294189453125,40782.73828125
2021-05-21,2430.621337890625,37304.69140625
2021-05-22,2295.70556640625,37536.6328125
2021-05-23,2109.579833984375,34770.58203125
2021-05-24,2643.591064453125,38705.98046875
2021-05-25,2706.62890625,38402.22265625
2021-05-26,2888.69873046875,39294.19921875
2021-05-27,2736.488525390625,38436.96875
2021-05-28,2419.90625,35697.60546875
2021-05-29,2279.51416015625,34616.06640625
2021-05-30,2390.305419921875,35678.12890625
2021-05-31,2714.9453125,37332.85546875
2021-06-01,2633.518310546875,36684.92578125
2021-06-02,2706.125,37575.1796875
2021-06-03,2855.12646484375,39208.765625
2021-06-04,2688.195068359375,36894.40625
2021-06-05,2630.576904296875,35551.95703125
2021-06-06,2715.0927734375,35862.37890625
2021-06-07,2590.26318359375,33560.70703125
2021-06-08,2517.438720703125,33472.6328125
2021-06-09,2608.26708984375,37345.12109375
2021-06-10,2471.5185546875,36702.59765625
2021-06-11,2353.768798828125,37334.3984375
2021-06-12,2372.484375,35552.515625
2021-06-13,2508.3916015625,39097.859375
2021-06-14,2537.89111328125,40218.4765625
2021-06-15,2610.936767578125,40406.26953125
2021-06-16,2367.66357421875,38347.0625
2021-06-17,2372.001953125,38053.50390625
2021-06-18,2231.733154296875,35787.24609375
2021-06-19,2178.4990234375,35615.87109375
2021-06-20,2246.364501953125,35698.296875
2021-06-21,1888.447509765625,31676.693359375
2021-06-22,1874.9500732421875,32505.66015625
2021-06-23,1989.736328125,33723.02734375
2021-06-24,1988.456298828125,34662.4375
2021-06-25,1813.21728515625,31637.779296875
2021-06-26,1829.2392578125,32186.27734375
2021-06-27,1978.8946533203125,34649.64453125
2021-06-28,2079.657470703125,34434.3359375
2021-06-29,2160.768310546875,35867.77734375
2021-06-30,2274.547607421875,35040.8359375
2021-07-01,2113.60546875,33572.1171875
2021-07-02,2150.040283203125,33897.046875
2021-07-03,2226.1142578125,34668.546875
2021-07-04,2321.72412109375,35287.78125
2021-07-05,2198.58251953125,33746.00390625
2021-07-06,2324.679443359375,34235.1953125
2021-07-07,2315.161865234375,33855.328125
2021-07-08,2120.0263671875,32877.37109375
2021-07-09,2146.6923828125,33798.01171875
2021-07-10,2111.403564453125,33520.51953125
2021-07-11,2139.664794921875,34240.1875
2021-07-12,2036.7210693359375,33155.84765625
2021-07-13,1940.083984375,32702.025390625
2021-07-14,1994.331298828125,32822.34765625
2021-07-15,1911.1756591796875,31780.73046875
2021-07-16,1880.3829345703125,31421.5390625
2021-07-17,1898.8251953125,31533.068359375
2021-07-18,1895.5521240234375,31796.810546875
2021-07-19,1817.296630859375,30817.83203125
2021-07-20,1787.5107421875,29807.34765625
2021-07-21,1990.9708251953125,32110.693359375
2021-07-22,2025.2027587890625,32313.10546875
2021-07-23,2124.776611328125,33581.55078125
2021-07-24,2189.21875,34292.4453125
2021-07-25,2191.373779296875,35350.1875
2021-07-26,2233.36669921875,37337.53515625
2021-07-27,2298.33349609375,39406.94140625
2021-07-28,2296.54541015625,39995.90625
2021-07-29,2380.956787109375,40008.421875
2021-07-30,2466.96142578125,42235.546875
2021-07-31,2536.2099609375,41626.1953125
2021-08-01,2561.85205078125,39974.89453125
2021-08-02,2610.1533203125,39201.9453125
2021-08-03,2502.349609375,38152.98046875
2021-08-04,2724.619873046875,39747.50390625
2021-08-05,2827.328857421875,40869.5546875
2021-08-06,2890.941650390625,42816.5
2021-08-07,3157.23876953125,44555.80078125
2021-08-08,3013.732666015625,43798.1171875
2021-08-09,3167.856201171875,46365.40234375
2021-08-10,3141.691162109375,45585.03125
2021-08-11,3164.2451171875,45593.63671875
2021-08-12,3043.414306640625,44428.2890625
2021-08-13,3322.211669921875,47793.3203125
2021-08-14,3265.443359375,47096.9453125
2021-08-15,3310.504150390625,47047.00390625
2021-08-16,3156.509521484375,46004.484375
2021-08-17,3014.845947265625,44695.359375
2021-08-18,3020.08984375,44801.1875
2021-08-19,3182.7021484375,46717.578125
2021-08-20,3286.935302734375,49339.17578125
2021-08-21,3226.083984375,48905.4921875
2021-08-22,3242.115478515625,49321.65234375
2021-08-23,3319.25732421875,49546.1484375
2021-08-24,3172.456298828125,47706.1171875
2021-08-25,3224.915283203125,48960.7890625
2021-08-26,3100.325439453125,46942.21875
2021-08-27,3270.600830078125,49058.66796875
2021-08-28,3244.4033203125,48902.40234375
2021-08-29,3227.002685546875,48829.83203125
2021-08-30,3224.374267578125,47054.984375
2021-08-31,3433.732666015625,47166.6875
2021-09-01,3834.828125,48847.02734375
2021-09-02,3790.989990234375,49327.72265625
2021-09-03,3940.61474609375,50025.375
2021-09-04,3887.828369140625,49944.625
2021-09-05,3952.133544921875,51753.41015625
2021-09-06,3928.37939453125,52633.53515625
2021-09-07,3426.394287109375,46811.12890625
2021-09-08,3497.315185546875,46091.390625
2021-09-09,3427.340087890625,46391.421875
2021-09-10,3211.505859375,44883.91015625
2021-09-11,3270.278076171875,45201.45703125
2021-09-12,3410.134521484375,46063.26953125
2021-09-13,3285.51171875,44963.07421875
2021-09-14,3429.169677734375,47092.4921875
2021-09-15,3615.28271484375,48176.34765625
2021-09-16,3571.294921875,47783.359375
2021-09-17,3398.538818359375,47267.51953125
2021-09-18,3432.018310546875,48278.36328125
2021-09-19,3329.447998046875,47260.21875
2021-09-20,2958.993408203125,42843.80078125
2021-09-21,2764.43115234375,40693.67578125
2021-09-22,3077.867919921875,43574.5078125
2021-09-23,3155.523681640625,44895.09765625
2021-09-24,2931.669189453125,42839.75
2021-09-25,2925.565673828125,42716.59375
2021-09-26,3062.265380859375,43208.5390625
2021-09-27,2934.138916015625,42235.73046875
2021-09-28,2807.296630859375,41034.54296875
2021-09-29,2853.143310546875,41564.36328125
2021-09-30,3001.678955078125,43790.89453125
2021-10-01,3307.51611328125,48116.94140625
2021-10-02,3391.6943359375,47711.48828125
2021-10-03,3418.358642578125,48199.953125
2021-10-04,3380.089111328125,49112.90234375
2021-10-05,3518.5185546875,51514.8125
2021-10-06,3580.56201171875,55361.44921875
2021-10-07,3587.974853515625,53805.984375
2021-10-08,3563.75927734375,53967.84765625
2021-10-09,3575.716796875,54968.22265625
2021-10-10,3425.852783203125,54771.578125
2021-10-11,3545.35400390625,57484.7890625
2021-10-12,3492.5732421875,56041.05859375
2021-10-13,3606.20166015625,57401.09765625
2021-10-14,3786.01416015625,57321.5234375
2021-10-15,3862.634765625,61593.94921875
2021-10-16,3830.382080078125,60892.1796875
2021-10-17,3847.1044921875,61553.6171875
2021-10-18,3748.76025390625,62026.078125
2021-10-19,3877.65087890625,64261.9921875
2021-10-20,4155.9921875,65992.8359375
2021-10-21,4054.32275390625,62210.171875
2021-10-22,3970.181884765625,60692.265625
2021-10-23,4171.66357421875,61393.6171875
2021-10-24,4087.903076171875,60930.8359375
2021-10-25,4217.876953125,63039.82421875
2021-10-26,4131.10205078125,60363.79296875
2021-10-27,3930.25732421875,58482.38671875
2021-10-28,4287.31884765625,60622.13671875
2021-10-29,4414.74658203125,62227.96484375
2021-10-30,4325.650390625,61888.83203125
2021-10-31,4288.07421875,61318.95703125
2021-11-01,4324.626953125,61004.40625
2021-11-02,4584.798828125,63226.40234375
2021-11-03,4607.19384765625,62970.046875
2021-11-04,4537.32421875,61452.23046875
2021-11-05,4486.2431640625,61125.67578125
2021-11-06,4521.5810546875,61527.48046875
2021-11-07,4620.5546875,63326.98828125
2021-11-08,4812.08740234375,67566.828125
2021-11-09,4735.06884765625,66971.828125
2021-11-10,4636.17431640625,64995.23046875
2021-11-11,4730.38427734375,64949.9609375
2021-11-12,4667.115234375,64155.94140625
2021-11-13,4651.46044921875,64469.52734375
2021-11-14,4626.35888671875,65466.83984375
2021-11-15,4557.50390625,63557.87109375
2021-11-16,4216.365234375,60161.24609375
2021-11-17,4287.59375,60368.01171875
2021-11-18,4000.65087890625,56942.13671875
2021-11-19,4298.306640625,58119.578125
2021-11-20,4409.93115234375,59697.1953125
2021-11-21,4269.73291015625,58730.4765625
2021-11-22,4088.457763671875,56289.2890625
2021-11-23,4340.763671875,57569.07421875
2021-11-24,4239.9814453125,56280.42578125
2021-11-25,4274.7431640625,57274.6796875
2021-11-26,4030.908935546875,53569.765625
2021-11-27,4096.912109375,54815.078125
2021-11-28,4294.45361328125,57248.45703125
2021-11-29,4445.10498046875,57806.56640625
2021-11-30,4631.47900390625,57005.42578125
2021-12-01,4586.990234375,57229.828125
2021-12-02,4511.30224609375,56477.81640625
2021-12-03,4615.095703125,57091.78125
